"Reference","Qty","Value","DNP","Exclude from BOM","Exclude from Board","Footprint","Datasheet"
"CBOOT1","1","0.1uF","","","","Capacitor_THT:CP_Radial_D4.0mm_P1.50mm","~"
"CFF1","1","10pF","","","","Capacitor_THT:CP_Radial_D4.0mm_P1.50mm","~"
"CHF1,CHF2","2","22uF","","","","Capacitor_SMD:C_0603_1608Metric","~"
"CIN1","1","0.1uF","","","","Capacitor_SMD:C_0603_1608Metric","~"
"COUT1,COUT2","2","33uF","","","","Capacitor_SMD:C_0603_1608Metric","~"
"H1,H2,H3,H4","4","MountingHole","","Excluded from BOM","","MountingHole:MountingHole_2.2mm_M2_DIN965_Pad","~"
"J1,J2","2","Conn_01x02_Pin","","","","Connector_JST:JST_PH_B2B-PH-K_1x02_P2.00mm_Vertical","~"
"LOUT1","1","8.2uH","","","","Inductor_SMD:L_APV_ANR4030","~"
"NT1","1","NetTie_2","","Excluded from BOM","","NetTie:NetTie-2_THT_Pad0.3mm","~"
"RFBB1","1","19.1K","","","","Resistor_THT:R_Axial_DIN0204_L3.6mm_D1.6mm_P5.08mm_Horizontal","~"
"RFBT1","1","162.35K","","","","Resistor_THT:R_Axial_DIN0204_L3.6mm_D1.6mm_P5.08mm_Horizontal","~"
"RFF1","1","33K","","","","Resistor_THT:R_Axial_DIN0204_L3.6mm_D1.6mm_P5.08mm_Horizontal","~"
"U1","1","~","","","","12-PIN WSON:LMR51450",""
